{
  "fire_upper": 275,
  "fire_lower": 225,
  "meat_upper": 145,
  "fire_avg": 120.29166666666667,
  "meat_avg": 104.01666666666667
}